Scene_ID,Start_Sec,End_Sec,Speaker,Script_KR,Google_Vids_Stock_Video_Keyword
1,2.0,11.5,해설,"서기 2032년 10월, 전라남도 고흥 나로우주센터. 한반도의 하늘 아래 인류 역사를 바꿀 거대한 불꽃이 숨을 죽이고 있습니다.",massive rocket on launch pad coastal fog sunrise slow motion
2,12.5,22.7,해설,1편에서 350명의 민항기를 기적처럼 구출했던 전설의 에이스 파일럿 박준서. 이제 그는 대한민국 제1호 심우주 유인 사령관이 되어 조종간을 잡았습니다.,massive rocket on launch pad coastal fog sunrise slow motion
3,23.7,31.5,최영목,"준서 사령관, 들리나? 대한민국 우주항공청의 모든 운명이 자네 어깨에 걸려 있네. 5천만 국민이 자네를 지켜보고 있어.",flight controllers mission control room discussion monitors wide
4,32.5,41.0,박준서,"청장님, 조종간을 잡은 순간부터 두려움은 없습니다. 우리 손으로 만든 차세대 발사체와 착륙선, 반드시 달 남극에 태극기를 꽂겠습니다.",astronaut in cockpit space shuttle helmet visor operating controls
5,42.0,51.0,어머니,"준서야... 비행기 탈 때도 매일 가슴 졸였는데... 저 차가운 우주까지 가야겠니? 밥 거르지 말고, 꼭 살아서 돌아와야 해...",crowd watching rocket launch family looking at sky hopeful
6,52.0,59.2,박준서,"어머니, 걱정하지 마세요. 38만 킬로미터 밖에서도 어머니 목소리 잊지 않겠습니다. 꼭 완수하고 돌아오겠습니다.",astronaut in cockpit space shuttle helmet visor operating controls
7,60.2,68.2,김태훈,"야, 박준서! 사관학교 시절부터 폼이란 폼은 다 잡더니, 결국 달나라 1호 승객이 되냐? 선물로 월석 예쁜 거 하나 주워 와라!",astronaut flight deck copilot communicating headset
8,69.2,76.7,박준서,"김태훈 소령, 궤도 사령선에서 딴생각 말고 원격 텔레메트리나 똑바로 감시해라. 네 백업 비행 실력 믿고 출발한다.",astronaut in cockpit space shuttle helmet visor operating controls
9,77.7,84.5,민재,엄마! TV에 박준서 사령관 아저씨 나왔어! 진짜 멋있다! 나도 어른 되면 우주선 타고 달에 갈 거야!,crowd watching rocket launch family looking at sky hopeful
10,85.5,93.7,윤선아,"사령관님, 차세대 발사체 KSLV-3 1단 100톤급 메탄 엔진 5기, 진공 기밀 및 산화제 충전 완료되었습니다. 압력 완벽합니다.",launch control firing room engineers computer console working
11,94.7,102.3,강수연,"여기는 사천 KASA 심우주관제센터. 고흥 기상 양호, 윈드시어 정상 범위. 카운트다운 자동 시퀀스로 전환합니다.",flight controllers mission control room discussion monitors wide
12,103.3,109.8,세종,"시스템 점검 완료. 발사대 고정 장치 해제 10초 전. 텐, 나인, 에잇, 세븐, 식스...",massive rocket on launch pad coastal fog sunrise slow motion
13,110.8,115.3,세종,"파이브, 포, 쓰리, 투, 원. 메인 엔진 점화!",massive rocket on launch pad coastal fog sunrise slow motion
14,116.3,126.1,해설,"순간, 고흥의 대지가 진동하며 500톤급 메탄 엔진이 백열의 화염을 토해냅니다. 대한민국 우주선 아리온 1호가 중력을 찢고 솟구칩니다!",rocket launch liftoff fiery flame smoke high speed camera 4k
15,127.1,133.5,박준서,"지상 관제실, 아리온 1호 이륙 정상! 기체 진동 허용치 이내, 가속도 3.2G 정상 진입!",astronaut in cockpit space shuttle helmet visor operating controls
16,134.5,141.3,강수연,"아리온, 궤적 정확합니다. 음속 돌파 확인, 맥스큐(Max-Q) 최대 공력 압력 구간 통과 중!",flight controllers mission control room discussion monitors wide
17,142.3,147.8,윤선아,"고도 60킬로미터 도달! 1단 엔진 연소 종료, 1단 분리 스퀴브 기폭!",launch control firing room engineers computer console working
18,148.8,154.0,세종,경고. 1단 분리 충격으로 인한 페어링 힌지 미세 진동 0.4밀리미터 감지.,rocket launch liftoff fiery flame smoke high speed camera 4k
19,155.0,162.0,빅터,"저 한국 녀석들, 자립 엔진으로 첫 시도에 성공할 리가 없어. 맥스큐 통과 직후 압력 밸브가 터질 텐데...",flight controllers mission control room discussion monitors wide
20,163.0,169.0,박준서,"동요하지 마라. 수동 댐퍼 가동, 진동 상쇄 완료. 페어링 정상 분리 확인!",astronaut in cockpit space shuttle helmet visor operating controls
21,170.0,177.8,강수연,"2단 엔진 점화 완벽합니다! 고도 200킬로미터, 대한민국 아리온 1호, 지구 저궤도에 성공적으로 진입했습니다!",flight controllers mission control room discussion monitors wide
22,178.8,186.3,최영목,해냈다! 전 직원 기립 박수! 하지만 진짜 싸움은 이제부터다. 38만 킬로미터의 심우주가 기다리고 있다.,flight controllers mission control room discussion monitors wide
23,187.3,195.3,해설,지구의 푸른 능선이 창밖으로 펼쳐집니다. 고요한 침묵 속에서 인류의 새로운 역사가 막을 올리고 있었습니다.,earth orbit view blue planet horizon satellite separation
24,196.3,205.3,해설,"지구 궤도를 두 바퀴 선회한 아리온 1호는 이제 지구의 중력권을 벗어나는 TLI, 즉 달 전이 궤도 투입 분사를 준비합니다.",earth orbit view blue planet horizon satellite separation
25,206.3,214.8,윤선아,"사령관님, 3단 킥스테이지 엔진 재점화 시점입니다. 목표 델타-V는 초속 3.15킬로미터. 오차 0.01% 이내여야 합니다.",launch control firing room engineers computer console working
26,215.8,220.3,박준서,"알겠다, 윤 박사. 킥스테이지 점화 카운트다운 시작.",astronaut spacewalk earth background iss floating exterior
27,221.3,227.1,세종,3단 엔진 재점화 시작. 추력 100% 정상. 달 궤도 투입 경로 형성 중.,deep space spaceship moving stars nebula galaxy
28,228.1,235.3,강수연,"아리온, TLI 정상 진입! 이제 지구 중력을 뿌리치고 달을 향해 시속 3만 9천 킬로미터로 순항합니다.",flight controllers mission control room discussion monitors wide
29,236.3,244.5,빅터,"흥, 궤도 진입은 운 좋게 성공했군. 하지만 저 앞에는 70년대 냉전 시절 버려진 정지궤도 위성 파편군이 도사리고 있지.",flight controllers mission control room discussion monitors wide
30,245.5,253.0,세종,"비상 경보! 전방 1,200킬로미터 지점에서 직경 2미터급 미확인 우주 파편체 초속 11킬로미터로 급접근 중!",deep space spaceship moving stars nebula galaxy
31,254.0,261.0,김태훈,뭐라고? 파편 접근 경로가 우리 비행 궤적과 99.8% 일치해! 충돌까지 남은 시간 85초!,astronaut flight deck copilot communicating headset
32,262.0,270.0,강수연,사령관님! 지상 슈퍼컴퓨터 계산 결과로는 주 추진기를 쓰면 착륙선 연료가 고갈되어 달 착륙이 불가능합니다!,flight controllers mission control room discussion monitors wide
33,271.0,277.8,최영목,"미션을 포기하고 지구 귀환 궤도로 선회해야 하는가? 준서 사령관, 자네의 판단은 뭔가!",flight controllers mission control room discussion monitors wide
34,278.8,287.3,박준서,"돌아가지 않습니다. 주 엔진은 보존합니다. 자세제어 RCS 펄스 스러스터 4번, 7번을 연쇄 편심 분사하겠습니다.",astronaut spacewalk earth background iss floating exterior
35,288.3,294.3,윤선아,편심 분사라니요! 기체가 회전하면서 자이로가 잠길 위험이 있습니다!,launch control firing room engineers computer console working
36,295.3,303.5,박준서,1편에서 엔진 꺼진 여객기도 러더 트림으로 비틀어 세웠습니다. 우주선이라고 다를 것 없습니다. 수동 조종 개시!,astronaut spacewalk earth background iss floating exterior
37,304.5,310.0,세종,수동 제어 모드 전환. 충돌 20초 전... 10초 전... 거리 500미터...,deep space spaceship moving stars nebula galaxy
38,311.0,320.5,해설,암흑의 심우주에서 박준서 사령관의 손끝이 미세 펄스 밸브를 피아노 건반처럼 두드립니다. 아리온 호의 기수가 12도 급회전합니다.,deep space spaceship moving stars nebula galaxy
39,321.5,328.3,김태훈,지나갔다! 파편이 선체 불과 60미터 옆을 스쳐 지나갔습니다! 선체 손상 제로!,astronaut flight deck copilot communicating headset
40,329.3,336.8,강수연,"해냈어요! 자이로 드리프트 0.02도 이내 복귀 완료! 아리온 호, 기적의 회피 기동에 성공했습니다!",flight controllers mission control room discussion monitors wide
41,337.8,346.3,빅터,도대체 저 사령관은 기계인가? 저 속도에서 인간의 반사 신경으로 펄스 스러스터를 제어해 파편을 피하다니...,flight controllers mission control room discussion monitors wide
42,347.3,353.1,어머니,"하느님, 부처님 감사합니다... 준서야, 조금만 더 힘내거라...",crowd watching rocket launch family looking at sky hopeful
43,354.1,361.1,박준서,"지상 관제실, 우리는 안전합니다. 달이 창문 가득 다가오고 있습니다. 다음 단계로 진입합니다.",astronaut spacewalk earth background iss floating exterior
44,362.1,369.6,해설,위기를 극복한 대한민국 우주선은 이제 칠흑 같은 어둠을 뚫고 은빛의 달을 향해 질주합니다.,orbiting moon craters flyover lunar surface space probe
45,370.6,379.4,해설,발사 110시간 경과. 아리온 1호는 달 뒷면을 돌아 목표 궤도인 고도 100킬로미터 달 극궤도에 진입했습니다.,orbiting moon craters flyover lunar surface space probe
46,380.4,388.4,강수연,"아리온, 최종 착륙 목표지는 달 남극 섀클턴 크레이터 능선. 지형 경사도 7도 이하의 좁은 고원지대입니다.",flight controllers mission control room discussion monitors wide
47,389.4,397.9,최영목,"그곳은 수십억 년간 햇빛이 닿지 않은 영하 230도의 극한지이자, 인류 미래의 보고 헬륨-3와 얼음이 묻힌 곳이다.",flight controllers mission control room discussion monitors wide
48,398.9,405.4,박준서,"착륙선 분리 레버 작동. 아리온 하강 모듈, 궤도 사령선과 성공적으로 분리되었습니다.",astronaut walking on moon surface apollo lunar lander
49,406.4,412.6,김태훈,"준서야, 난 궤도에서 널 지키고 있을게. 꼭 달바닥 딛고 서서 손 흔들어줘라!",astronaut looking out window earth moon cupola
50,413.6,420.1,윤선아,하강 엔진 역추진 점화! 고도 15킬로미터에서 3킬로미터로 급감속 진행 중입니다.,launch control firing room engineers computer console working
51,421.1,426.9,세종,"고도 1,000미터. 하강 속도 초속 45미터. 3차원 플래시 라이다 지형 스캔 중.",orbiting moon craters flyover lunar surface space probe
52,427.9,434.4,세종,경고! 2번 역추진 스러스터 노즐 압력 밸브 결빙 고장! 추력 불균형 28% 발생!,orbiting moon craters flyover lunar surface space probe
53,435.4,442.4,강수연,비상입니다! 착륙선이 우측으로 15도 기울어지며 섀클턴 절벽 쪽으로 밀려나고 있습니다!,flight controllers mission control room discussion monitors wide
54,443.4,451.4,빅터,역시 무리였어. 달 남극의 극저온 밸브 동결은 미 항공우주국도 두려워하는 난제다. 착륙선은 추락할 것이다.,flight controllers mission control room discussion monitors wide
55,452.4,457.2,민재,사령관 아저씨! 떨어지면 안 돼요! 제발 힘내세요!,crowd watching rocket launch family looking at sky hopeful
56,458.2,464.7,최영목,준서 사령관! 즉시 탈출 엔진을 점화하고 궤도로 복귀하라! 목숨이 우선이다!,flight controllers mission control room discussion monitors wide
57,465.7,473.7,박준서,"아닙니다, 청장님! 여기서 물러서면 대한민국의 우주 도전은 10년 뒤처집니다. 제가 바로잡겠습니다!",astronaut walking on moon surface apollo lunar lander
58,474.7,482.2,박준서,"컴퓨터 자동 착륙 오프! 수동 벡터 스러스트 조종간 인계! 1번, 3번 엔진 차등 출력 분사!",astronaut walking on moon surface apollo lunar lander
59,483.2,490.4,해설,1편에서 350명의 승객을 살려냈던 천재 파일럿의 영혼이 다시 한번 박준서의 온몸을 휘감습니다.,orbiting moon craters flyover lunar surface space probe
60,491.4,497.9,박준서,기울기 12도... 8도... 3도... 수평 복원! 접지 레그 충격 흡수기 락 해제!,astronaut walking on moon surface apollo lunar lander
61,498.9,504.1,세종,고도 50미터... 20미터... 5미터... 접지 센서 블루 라이트 점등!,lunar lander descent engine dust blowing touchdown moon
62,505.1,514.3,박준서,"엔진 셧다운! 지상 관제실, 여기는 아리온 1호. 대한민국 달 착륙선, 달 남극 섀클턴 분지에 완벽히 착륙했습니다!",astronaut walking on moon surface apollo lunar lander
63,515.3,521.3,강수연,착륙 확인! 해냈어요! 아리온 1호가 달 남극에 섰습니다! 만세!,flight controllers mission control room discussion monitors wide
64,522.3,530.5,최영목,"으하하! 해냈어! 대한민국 만세! 박준서 사령관, 자네가 대한민국을 달의 주인으로 만들었네!",flight controllers mission control room discussion monitors wide
65,531.5,537.5,어머니,"준서야... 내 아들 준서야... 살았구나, 정말 고맙다...",crowd watching rocket launch family looking at sky hopeful
66,538.5,548.0,빅터,말도 안 돼... 편향 추력만으로 결빙된 착륙선을 수동으로 제어해 연착륙시키다니... 기적이다. 한국인들을 인정하지 않을 수 없군.,flight controllers mission control room discussion monitors wide
67,549.0,558.5,해설,"착륙선 해치가 열리고, 박준서 사령관이 은빛 달 표면에 첫 발을 내딛습니다. 잿빛 레골리스 위에 선명한 태극기가 꽂힙니다.",lunar lander descent engine dust blowing touchdown moon
68,559.5,567.7,박준서,"한 파일럿의 작은 발걸음이지만, 대한민국 5천만 국민의 꿈이 우주 시대를 향해 내딛는 위대한 도약입니다.",astronaut walking on moon surface apollo lunar lander
69,568.7,576.9,해설,달 남극에 안착한 아리온 1호는 국산 탐사 로버 '해치'를 전개하여 영구음영지역 표본 채취에 돌입합니다.,lunar lander descent engine dust blowing touchdown moon
70,577.9,586.9,윤선아,"사령관님, 로버 해치가 전송해 온 분광 데이터가 도착했습니다. 고농도 얼음층과 순도 99%의 헬륨-3 매장층 확인되었습니다!",launch control firing room engineers computer console working
71,587.9,595.4,강수연,이것으로 대한민국은 청정 핵융합 발전의 핵심 원료를 독점 확보할 수 있는 교두보를 마련했습니다!,mission control engineers celebration applause success
72,596.4,602.9,김태훈,"준서야, 고생했다. 이제 표본 싣고 집으로 돌아올 준비만 하면 되겠다. 치맥 쏠게!",astronaut driving lunar rover vehicle on moon dust
73,603.9,611.1,세종,긴급 통보! 태양 활동 극대기 도달. 흑점 X급 폭발로 인한 거대 태양 양성자 폭풍(SPE) 발생!,solar flare coronal mass ejection space radiation sun satellite
74,612.1,621.6,강수연,비상입니다! 태양풍이 내행성 궤도를 강타하고 있습니다. 2045년 유인 탐사를 위해 화성으로 향하던 무인 선행선 '천명 1호'의 주 통신기가 셧다운되었습니다!,mission control engineers celebration applause success
75,622.6,631.1,최영목,천명 1호는 대한민국 화성 로드맵의 심장이다! 제어 불능 상태로 궤도를 이탈하면 태양으로 추락해 파괴된다!,mission control engineers celebration applause success
76,632.1,640.1,빅터,지구 통신망으로는 태양 전자기 간섭 때문에 화성선 신호를 잡을 수 없습니다. 천명 호는 끝났습니다.,mission control engineers celebration applause success
77,641.1,649.9,윤선아,방법이 딱 하나 있습니다. 달 남극에 있는 아리온 호의 고출력 광학 레이저 안테나를 화성선 중계기로 전용하는 것입니다.,launch control firing room engineers computer console working
78,650.9,658.9,박준서,"지상 관제실, 제가 직접 외부로 나가 아리온 호의 안테나 각도를 화성 벡터 142도로 수동 정렬하겠습니다.",astronaut helmet gold visor reflection looking at mars planet
79,659.9,667.4,강수연,"사령관님, 밖은 태양 방사선 수치가 치솟고 있습니다! 우주복 차폐 한계까지 15분밖에 없습니다!",mission control engineers celebration applause success
80,668.4,676.9,박준서,"1편에서 승객들을 두고 조종간을 놓지 않았듯, 대한민국의 화성 탐사선도 절대 포기할 수 없습니다. 에어락 개방!",astronaut helmet gold visor reflection looking at mars planet
81,677.9,686.7,해설,영하 230도의 혹한과 쏟아지는 태양 방사선 속에서 박준서 사령관은 안테나 구동 모터를 수동으로 밀어 올립니다.,mars planet red dunes dust horizon perseverance rover moving
82,687.7,696.2,박준서,"으아아아차! 각도 140도... 141도... 142도 고정 완료! 세종, 천명 1호로 리부트 커맨드 레이저 펄스 발사!",astronaut helmet gold visor reflection looking at mars planet
83,697.2,704.2,세종,고출력 레이저 패킷 송출. 화성 탐사선 천명 1호 수신 확인... 메인프레임 재부팅 성공!,mars planet red dunes dust horizon perseverance rover moving
84,705.2,712.7,강수연,천명 1호가 응답했습니다! 화성 진입 궤도 정상 복구! 대한민국 화성 탐사선이 살아났습니다!,mission control engineers celebration applause success
85,713.7,720.9,최영목,"만세! 해냈구나! 달에서 화성선까지 구해내다니, 대한민국 우주의 위대한 승리다!",mission control engineers celebration applause success
86,721.9,730.4,빅터,"경이롭습니다... 달에서 위험을 무릅쓰고 화성 탐사선까지 통제해내다니, 대한민국은 진정한 우주 강국입니다.",mission control engineers celebration applause success
87,731.4,736.9,민재,준서 형아 만세! 나 꼭 우주비행사 돼서 형아 뒤를 따를게요!,crowd watching rocket launch family looking at sky hopeful
88,737.9,743.7,어머니,"장하다, 내 아들... 온 세상이 너를 자랑스러워하는구나...",crowd watching rocket launch family looking at sky hopeful
89,744.7,752.5,해설,"달의 지평선 너머로 푸른 지구가 떠오르고, 그 옆으로 붉은빛의 화성이 영롱하게 반짝입니다.",mars planet red dunes dust horizon perseverance rover moving
90,753.5,762.5,박준서,"우리는 오늘 달에 섰습니다. 하지만 우리의 여정은 여기서 멈추지 않습니다. 다음 목적지는... 저 붉은 행성, 화성입니다.",astronaut helmet gold visor reflection looking at mars planet
91,763.5,773.3,해설,"대한민국의 도전은 멈추지 않는다. 달을 넘어 화성으로, 온 우주를 향해 뻗어나갈 대한민국의 위대한 항해가 지금 시작됩니다.",mars planet red dunes dust horizon perseverance rover moving
